prompt,label,classname
a photo of a tench and a,0,tench
a photo of a goldfish and a,1,goldfish
a photo of a great white shark and a,2,great white shark
a photo of a tiger shark and a,3,tiger shark
a photo of a hammerhead shark and a,4,hammerhead shark
a photo of a electric ray and a,5,electric ray
a photo of a stingray and a,6,stingray
a photo of a rooster and a,7,rooster
a photo of a hen and a,8,hen
a photo of a ostrich and a,9,ostrich
a photo of a brambling and a,10,brambling
a photo of a goldfinch and a,11,goldfinch
a photo of a house finch and a,12,house finch
a photo of a junco and a,13,junco
a photo of a indigo bunting and a,14,indigo bunting
a photo of a American robin and a,15,American robin
a photo of a bulbul and a,16,bulbul
a photo of a jay and a,17,jay
a photo of a magpie and a,18,magpie
a photo of a chickadee and a,19,chickadee
a photo of a American dipper and a,20,American dipper
a photo of a kite (bird of prey) and a,21,kite (bird of prey)
a photo of a bald eagle and a,22,bald eagle
a photo of a vulture and a,23,vulture
a photo of a great grey owl and a,24,great grey owl
a photo of a fire salamander and a,25,fire salamander
a photo of a smooth newt and a,26,smooth newt
a photo of a newt and a,27,newt
a photo of a spotted salamander and a,28,spotted salamander
a photo of a axolotl and a,29,axolotl
a photo of a American bullfrog and a,30,American bullfrog
a photo of a tree frog and a,31,tree frog
a photo of a tailed frog and a,32,tailed frog
a photo of a loggerhead sea turtle and a,33,loggerhead sea turtle
a photo of a leatherback sea turtle and a,34,leatherback sea turtle
a photo of a mud turtle and a,35,mud turtle
a photo of a terrapin and a,36,terrapin
a photo of a box turtle and a,37,box turtle
a photo of a banded gecko and a,38,banded gecko
a photo of a green iguana and a,39,green iguana
a photo of a Carolina anole and a,40,Carolina anole
a photo of a desert grassland whiptail lizard and a,41,desert grassland whiptail lizard
a photo of a agama and a,42,agama
a photo of a frilled-necked lizard and a,43,frilled-necked lizard
a photo of a alligator lizard and a,44,alligator lizard
a photo of a Gila monster and a,45,Gila monster
a photo of a European green lizard and a,46,European green lizard
a photo of a chameleon and a,47,chameleon
a photo of a Komodo dragon and a,48,Komodo dragon
a photo of a Nile crocodile and a,49,Nile crocodile
a photo of a American alligator and a,50,American alligator
a photo of a triceratops and a,51,triceratops
a photo of a worm snake and a,52,worm snake
a photo of a ring-necked snake and a,53,ring-necked snake
a photo of a eastern hog-nosed snake and a,54,eastern hog-nosed snake
a photo of a smooth green snake and a,55,smooth green snake
a photo of a kingsnake and a,56,kingsnake
a photo of a garter snake and a,57,garter snake
a photo of a water snake and a,58,water snake
a photo of a vine snake and a,59,vine snake
a photo of a night snake and a,60,night snake
a photo of a boa constrictor and a,61,boa constrictor
a photo of a African rock python and a,62,African rock python
a photo of a Indian cobra and a,63,Indian cobra
a photo of a green mamba and a,64,green mamba
a photo of a sea snake and a,65,sea snake
a photo of a Saharan horned viper and a,66,Saharan horned viper
a photo of a eastern diamondback rattlesnake and a,67,eastern diamondback rattlesnake
a photo of a sidewinder rattlesnake and a,68,sidewinder rattlesnake
a photo of a trilobite and a,69,trilobite
a photo of a harvestman and a,70,harvestman
a photo of a scorpion and a,71,scorpion
a photo of a yellow garden spider and a,72,yellow garden spider
a photo of a barn spider and a,73,barn spider
a photo of a European garden spider and a,74,European garden spider
a photo of a southern black widow and a,75,southern black widow
a photo of a tarantula and a,76,tarantula
a photo of a wolf spider and a,77,wolf spider
a photo of a tick and a,78,tick
a photo of a centipede and a,79,centipede
a photo of a black grouse and a,80,black grouse
a photo of a ptarmigan and a,81,ptarmigan
a photo of a ruffed grouse and a,82,ruffed grouse
a photo of a prairie grouse and a,83,prairie grouse
a photo of a peafowl and a,84,peafowl
a photo of a quail and a,85,quail
a photo of a partridge and a,86,partridge
a photo of a african grey parrot and a,87,african grey parrot
a photo of a macaw and a,88,macaw
a photo of a sulphur-crested cockatoo and a,89,sulphur-crested cockatoo
a photo of a lorikeet and a,90,lorikeet
a photo of a coucal and a,91,coucal
a photo of a bee eater and a,92,bee eater
a photo of a hornbill and a,93,hornbill
a photo of a hummingbird and a,94,hummingbird
a photo of a jacamar and a,95,jacamar
a photo of a toucan and a,96,toucan
a photo of a duck and a,97,duck
a photo of a red-breasted merganser and a,98,red-breasted merganser
a photo of a goose and a,99,goose
a photo of a black swan and a,100,black swan
a photo of a tusker and a,101,tusker
a photo of a echidna and a,102,echidna
a photo of a platypus and a,103,platypus
a photo of a wallaby and a,104,wallaby
a photo of a koala and a,105,koala
a photo of a wombat and a,106,wombat
a photo of a jellyfish and a,107,jellyfish
a photo of a sea anemone and a,108,sea anemone
a photo of a brain coral and a,109,brain coral
a photo of a flatworm and a,110,flatworm
a photo of a nematode and a,111,nematode
a photo of a conch and a,112,conch
a photo of a snail and a,113,snail
a photo of a slug and a,114,slug
a photo of a sea slug and a,115,sea slug
a photo of a chiton and a,116,chiton
a photo of a chambered nautilus and a,117,chambered nautilus
a photo of a Dungeness crab and a,118,Dungeness crab
a photo of a rock crab and a,119,rock crab
a photo of a fiddler crab and a,120,fiddler crab
a photo of a red king crab and a,121,red king crab
a photo of a American lobster and a,122,American lobster
a photo of a spiny lobster and a,123,spiny lobster
a photo of a crayfish and a,124,crayfish
a photo of a hermit crab and a,125,hermit crab
a photo of a isopod and a,126,isopod
a photo of a white stork and a,127,white stork
a photo of a black stork and a,128,black stork
a photo of a spoonbill and a,129,spoonbill
a photo of a flamingo and a,130,flamingo
a photo of a little blue heron and a,131,little blue heron
a photo of a great egret and a,132,great egret
a photo of a bittern bird and a,133,bittern bird
a photo of a crane bird and a,134,crane bird
a photo of a limpkin and a,135,limpkin
a photo of a common gallinule and a,136,common gallinule
a photo of a American coot and a,137,American coot
a photo of a bustard and a,138,bustard
a photo of a ruddy turnstone and a,139,ruddy turnstone
a photo of a dunlin and a,140,dunlin
a photo of a common redshank and a,141,common redshank
a photo of a dowitcher and a,142,dowitcher
a photo of a oystercatcher and a,143,oystercatcher
a photo of a pelican and a,144,pelican
a photo of a king penguin and a,145,king penguin
a photo of a albatross and a,146,albatross
a photo of a grey whale and a,147,grey whale
a photo of a killer whale and a,148,killer whale
a photo of a dugong and a,149,dugong
a photo of a sea lion and a,150,sea lion
a photo of a Chihuahua and a,151,Chihuahua
a photo of a Japanese Chin and a,152,Japanese Chin
a photo of a Maltese and a,153,Maltese
a photo of a Pekingese and a,154,Pekingese
a photo of a Shih Tzu and a,155,Shih Tzu
a photo of a King Charles Spaniel and a,156,King Charles Spaniel
a photo of a Papillon and a,157,Papillon
a photo of a toy terrier and a,158,toy terrier
a photo of a Rhodesian Ridgeback and a,159,Rhodesian Ridgeback
a photo of a Afghan Hound and a,160,Afghan Hound
a photo of a Basset Hound and a,161,Basset Hound
a photo of a Beagle and a,162,Beagle
a photo of a Bloodhound and a,163,Bloodhound
a photo of a Bluetick Coonhound and a,164,Bluetick Coonhound
a photo of a Black and Tan Coonhound and a,165,Black and Tan Coonhound
a photo of a Treeing Walker Coonhound and a,166,Treeing Walker Coonhound
a photo of a English foxhound and a,167,English foxhound
a photo of a Redbone Coonhound and a,168,Redbone Coonhound
a photo of a borzoi and a,169,borzoi
a photo of a Irish Wolfhound and a,170,Irish Wolfhound
a photo of a Italian Greyhound and a,171,Italian Greyhound
a photo of a Whippet and a,172,Whippet
a photo of a Ibizan Hound and a,173,Ibizan Hound
a photo of a Norwegian Elkhound and a,174,Norwegian Elkhound
a photo of a Otterhound and a,175,Otterhound
a photo of a Saluki and a,176,Saluki
a photo of a Scottish Deerhound and a,177,Scottish Deerhound
a photo of a Weimaraner and a,178,Weimaraner
a photo of a Staffordshire Bull Terrier and a,179,Staffordshire Bull Terrier
a photo of a American Staffordshire Terrier and a,180,American Staffordshire Terrier
a photo of a Bedlington Terrier and a,181,Bedlington Terrier
a photo of a Border Terrier and a,182,Border Terrier
a photo of a Kerry Blue Terrier and a,183,Kerry Blue Terrier
a photo of a Irish Terrier and a,184,Irish Terrier
a photo of a Norfolk Terrier and a,185,Norfolk Terrier
a photo of a Norwich Terrier and a,186,Norwich Terrier
a photo of a Yorkshire Terrier and a,187,Yorkshire Terrier
a photo of a Wire Fox Terrier and a,188,Wire Fox Terrier
a photo of a Lakeland Terrier and a,189,Lakeland Terrier
a photo of a Sealyham Terrier and a,190,Sealyham Terrier
a photo of a Airedale Terrier and a,191,Airedale Terrier
a photo of a Cairn Terrier and a,192,Cairn Terrier
a photo of a Australian Terrier and a,193,Australian Terrier
a photo of a Dandie Dinmont Terrier and a,194,Dandie Dinmont Terrier
a photo of a Boston Terrier and a,195,Boston Terrier
a photo of a Miniature Schnauzer and a,196,Miniature Schnauzer
a photo of a Giant Schnauzer and a,197,Giant Schnauzer
a photo of a Standard Schnauzer and a,198,Standard Schnauzer
a photo of a Scottish Terrier and a,199,Scottish Terrier
a photo of a Tibetan Terrier and a,200,Tibetan Terrier
a photo of a Australian Silky Terrier and a,201,Australian Silky Terrier
a photo of a Soft-coated Wheaten Terrier and a,202,Soft-coated Wheaten Terrier
a photo of a West Highland White Terrier and a,203,West Highland White Terrier
a photo of a Lhasa Apso and a,204,Lhasa Apso
a photo of a Flat-Coated Retriever and a,205,Flat-Coated Retriever
a photo of a Curly-coated Retriever and a,206,Curly-coated Retriever
a photo of a Golden Retriever and a,207,Golden Retriever
a photo of a Labrador Retriever and a,208,Labrador Retriever
a photo of a Chesapeake Bay Retriever and a,209,Chesapeake Bay Retriever
a photo of a German Shorthaired Pointer and a,210,German Shorthaired Pointer
a photo of a Vizsla and a,211,Vizsla
a photo of a English Setter and a,212,English Setter
a photo of a Irish Setter and a,213,Irish Setter
a photo of a Gordon Setter and a,214,Gordon Setter
a photo of a Brittany dog and a,215,Brittany dog
a photo of a Clumber Spaniel and a,216,Clumber Spaniel
a photo of a English Springer Spaniel and a,217,English Springer Spaniel
a photo of a Welsh Springer Spaniel and a,218,Welsh Springer Spaniel
a photo of a Cocker Spaniel and a,219,Cocker Spaniel
a photo of a Sussex Spaniel and a,220,Sussex Spaniel
a photo of a Irish Water Spaniel and a,221,Irish Water Spaniel
a photo of a Kuvasz and a,222,Kuvasz
a photo of a Schipperke and a,223,Schipperke
a photo of a Groenendael dog and a,224,Groenendael dog
a photo of a Malinois and a,225,Malinois
a photo of a Briard and a,226,Briard
a photo of a Australian Kelpie and a,227,Australian Kelpie
a photo of a Komondor and a,228,Komondor
a photo of a Old English Sheepdog and a,229,Old English Sheepdog
a photo of a Shetland Sheepdog and a,230,Shetland Sheepdog
a photo of a collie and a,231,collie
a photo of a Border Collie and a,232,Border Collie
a photo of a Bouvier des Flandres dog and a,233,Bouvier des Flandres dog
a photo of a Rottweiler and a,234,Rottweiler
a photo of a German Shepherd Dog and a,235,German Shepherd Dog
a photo of a Dobermann and a,236,Dobermann
a photo of a Miniature Pinscher and a,237,Miniature Pinscher
a photo of a Greater Swiss Mountain Dog and a,238,Greater Swiss Mountain Dog
a photo of a Bernese Mountain Dog and a,239,Bernese Mountain Dog
a photo of a Appenzeller Sennenhund and a,240,Appenzeller Sennenhund
a photo of a Entlebucher Sennenhund and a,241,Entlebucher Sennenhund
a photo of a Boxer and a,242,Boxer
a photo of a Bullmastiff and a,243,Bullmastiff
a photo of a Tibetan Mastiff and a,244,Tibetan Mastiff
a photo of a French Bulldog and a,245,French Bulldog
a photo of a Great Dane and a,246,Great Dane
a photo of a St. Bernard and a,247,St. Bernard
a photo of a husky and a,248,husky
a photo of a Alaskan Malamute and a,249,Alaskan Malamute
a photo of a Siberian Husky and a,250,Siberian Husky
a photo of a Dalmatian and a,251,Dalmatian
a photo of a Affenpinscher and a,252,Affenpinscher
a photo of a Basenji and a,253,Basenji
a photo of a pug and a,254,pug
a photo of a Leonberger and a,255,Leonberger
a photo of a Newfoundland dog and a,256,Newfoundland dog
a photo of a Great Pyrenees dog and a,257,Great Pyrenees dog
a photo of a Samoyed and a,258,Samoyed
a photo of a Pomeranian and a,259,Pomeranian
a photo of a Chow Chow and a,260,Chow Chow
a photo of a Keeshond and a,261,Keeshond
a photo of a brussels griffon and a,262,brussels griffon
a photo of a Pembroke Welsh Corgi and a,263,Pembroke Welsh Corgi
a photo of a Cardigan Welsh Corgi and a,264,Cardigan Welsh Corgi
a photo of a Toy Poodle and a,265,Toy Poodle
a photo of a Miniature Poodle and a,266,Miniature Poodle
a photo of a Standard Poodle and a,267,Standard Poodle
a photo of a Mexican hairless dog (xoloitzcuintli) and a,268,Mexican hairless dog (xoloitzcuintli)
a photo of a grey wolf and a,269,grey wolf
a photo of a Alaskan tundra wolf and a,270,Alaskan tundra wolf
a photo of a red wolf or maned wolf and a,271,red wolf or maned wolf
a photo of a coyote and a,272,coyote
a photo of a dingo and a,273,dingo
a photo of a dhole and a,274,dhole
a photo of a African wild dog and a,275,African wild dog
a photo of a hyena and a,276,hyena
a photo of a red fox and a,277,red fox
a photo of a kit fox and a,278,kit fox
a photo of a Arctic fox and a,279,Arctic fox
a photo of a grey fox and a,280,grey fox
a photo of a tabby cat and a,281,tabby cat
a photo of a tiger cat and a,282,tiger cat
a photo of a Persian cat and a,283,Persian cat
a photo of a Siamese cat and a,284,Siamese cat
a photo of a Egyptian Mau and a,285,Egyptian Mau
a photo of a cougar and a,286,cougar
a photo of a lynx and a,287,lynx
a photo of a leopard and a,288,leopard
a photo of a snow leopard and a,289,snow leopard
a photo of a jaguar and a,290,jaguar
a photo of a lion and a,291,lion
a photo of a tiger and a,292,tiger
a photo of a cheetah and a,293,cheetah
a photo of a brown bear and a,294,brown bear
a photo of a American black bear and a,295,American black bear
a photo of a polar bear and a,296,polar bear
a photo of a sloth bear and a,297,sloth bear
a photo of a mongoose and a,298,mongoose
a photo of a meerkat and a,299,meerkat
a photo of a tiger beetle and a,300,tiger beetle
a photo of a ladybug and a,301,ladybug
a photo of a ground beetle and a,302,ground beetle
a photo of a longhorn beetle and a,303,longhorn beetle
a photo of a leaf beetle and a,304,leaf beetle
a photo of a dung beetle and a,305,dung beetle
a photo of a rhinoceros beetle and a,306,rhinoceros beetle
a photo of a weevil and a,307,weevil
a photo of a fly and a,308,fly
a photo of a bee and a,309,bee
a photo of a ant and a,310,ant
a photo of a grasshopper and a,311,grasshopper
a photo of a cricket insect and a,312,cricket insect
a photo of a stick insect and a,313,stick insect
a photo of a cockroach and a,314,cockroach
a photo of a praying mantis and a,315,praying mantis
a photo of a cicada and a,316,cicada
a photo of a leafhopper and a,317,leafhopper
a photo of a lacewing and a,318,lacewing
a photo of a dragonfly and a,319,dragonfly
a photo of a damselfly and a,320,damselfly
a photo of a red admiral butterfly and a,321,red admiral butterfly
a photo of a ringlet butterfly and a,322,ringlet butterfly
a photo of a monarch butterfly and a,323,monarch butterfly
a photo of a small white butterfly and a,324,small white butterfly
a photo of a sulphur butterfly and a,325,sulphur butterfly
a photo of a gossamer-winged butterfly and a,326,gossamer-winged butterfly
a photo of a starfish and a,327,starfish
a photo of a sea urchin and a,328,sea urchin
a photo of a sea cucumber and a,329,sea cucumber
a photo of a cottontail rabbit and a,330,cottontail rabbit
a photo of a hare and a,331,hare
a photo of a Angora rabbit and a,332,Angora rabbit
a photo of a hamster and a,333,hamster
a photo of a porcupine and a,334,porcupine
a photo of a fox squirrel and a,335,fox squirrel
a photo of a marmot and a,336,marmot
a photo of a beaver and a,337,beaver
a photo of a guinea pig and a,338,guinea pig
a photo of a common sorrel horse and a,339,common sorrel horse
a photo of a zebra and a,340,zebra
a photo of a pig and a,341,pig
a photo of a wild boar and a,342,wild boar
a photo of a warthog and a,343,warthog
a photo of a hippopotamus and a,344,hippopotamus
a photo of a ox and a,345,ox
a photo of a water buffalo and a,346,water buffalo
a photo of a bison and a,347,bison
a photo of a ram (adult male sheep) and a,348,ram (adult male sheep)
a photo of a bighorn sheep and a,349,bighorn sheep
a photo of a Alpine ibex and a,350,Alpine ibex
a photo of a hartebeest and a,351,hartebeest
a photo of a impala (antelope) and a,352,impala (antelope)
a photo of a gazelle and a,353,gazelle
a photo of a arabian camel and a,354,arabian camel
a photo of a llama and a,355,llama
a photo of a weasel and a,356,weasel
a photo of a mink and a,357,mink
a photo of a European polecat and a,358,European polecat
a photo of a black-footed ferret and a,359,black-footed ferret
a photo of a otter and a,360,otter
a photo of a skunk and a,361,skunk
a photo of a badger and a,362,badger
a photo of a armadillo and a,363,armadillo
a photo of a three-toed sloth and a,364,three-toed sloth
a photo of a orangutan and a,365,orangutan
a photo of a gorilla and a,366,gorilla
a photo of a chimpanzee and a,367,chimpanzee
a photo of a gibbon and a,368,gibbon
a photo of a siamang and a,369,siamang
a photo of a guenon and a,370,guenon
a photo of a patas monkey and a,371,patas monkey
a photo of a baboon and a,372,baboon
a photo of a macaque and a,373,macaque
a photo of a langur and a,374,langur
a photo of a black-and-white colobus and a,375,black-and-white colobus
a photo of a proboscis monkey and a,376,proboscis monkey
a photo of a marmoset and a,377,marmoset
a photo of a white-headed capuchin and a,378,white-headed capuchin
a photo of a howler monkey and a,379,howler monkey
a photo of a titi monkey and a,380,titi monkey
a photo of a Geoffroy's spider monkey and a,381,Geoffroy's spider monkey
a photo of a common squirrel monkey and a,382,common squirrel monkey
a photo of a ring-tailed lemur and a,383,ring-tailed lemur
a photo of a indri and a,384,indri
a photo of a Asian elephant and a,385,Asian elephant
a photo of a African bush elephant and a,386,African bush elephant
a photo of a red panda and a,387,red panda
a photo of a giant panda and a,388,giant panda
a photo of a snoek fish and a,389,snoek fish
a photo of a eel and a,390,eel
a photo of a silver salmon and a,391,silver salmon
a photo of a rock beauty fish and a,392,rock beauty fish
a photo of a clownfish and a,393,clownfish
a photo of a sturgeon and a,394,sturgeon
a photo of a gar fish and a,395,gar fish
a photo of a lionfish and a,396,lionfish
a photo of a pufferfish and a,397,pufferfish
a photo of a abacus and a,398,abacus
a photo of a abaya and a,399,abaya
a photo of a academic gown and a,400,academic gown
a photo of a accordion and a,401,accordion
a photo of a acoustic guitar and a,402,acoustic guitar
a photo of a aircraft carrier and a,403,aircraft carrier
a photo of a airliner and a,404,airliner
a photo of a airship and a,405,airship
a photo of a altar and a,406,altar
a photo of a ambulance and a,407,ambulance
a photo of a amphibious vehicle and a,408,amphibious vehicle
a photo of a analog clock and a,409,analog clock
a photo of a apiary and a,410,apiary
a photo of a apron and a,411,apron
a photo of a trash can and a,412,trash can
a photo of a assault rifle and a,413,assault rifle
a photo of a backpack and a,414,backpack
a photo of a bakery and a,415,bakery
a photo of a balance beam and a,416,balance beam
a photo of a balloon and a,417,balloon
a photo of a ballpoint pen and a,418,ballpoint pen
a photo of a Band-Aid and a,419,Band-Aid
a photo of a banjo and a,420,banjo
a photo of a baluster / handrail and a,421,baluster / handrail
a photo of a barbell and a,422,barbell
a photo of a barber chair and a,423,barber chair
a photo of a barbershop and a,424,barbershop
a photo of a barn and a,425,barn
a photo of a barometer and a,426,barometer
a photo of a barrel and a,427,barrel
a photo of a wheelbarrow and a,428,wheelbarrow
a photo of a baseball and a,429,baseball
a photo of a basketball and a,430,basketball
a photo of a bassinet and a,431,bassinet
a photo of a bassoon and a,432,bassoon
a photo of a swimming cap and a,433,swimming cap
a photo of a bath towel and a,434,bath towel
a photo of a bathtub and a,435,bathtub
a photo of a station wagon and a,436,station wagon
a photo of a lighthouse and a,437,lighthouse
a photo of a beaker and a,438,beaker
a photo of a military hat (bearskin or shako) and a,439,military hat (bearskin or shako)
a photo of a beer bottle and a,440,beer bottle
a photo of a beer glass and a,441,beer glass
a photo of a bell tower and a,442,bell tower
a photo of a baby bib and a,443,baby bib
a photo of a tandem bicycle and a,444,tandem bicycle
a photo of a bikini and a,445,bikini
a photo of a ring binder and a,446,ring binder
a photo of a binoculars and a,447,binoculars
a photo of a birdhouse and a,448,birdhouse
a photo of a boathouse and a,449,boathouse
a photo of a bobsleigh and a,450,bobsleigh
a photo of a bolo tie and a,451,bolo tie
a photo of a poke bonnet and a,452,poke bonnet
a photo of a bookcase and a,453,bookcase
a photo of a bookstore and a,454,bookstore
a photo of a bottle cap and a,455,bottle cap
a photo of a hunting bow and a,456,hunting bow
a photo of a bow tie and a,457,bow tie
a photo of a brass memorial plaque and a,458,brass memorial plaque
a photo of a bra and a,459,bra
a photo of a breakwater and a,460,breakwater
a photo of a breastplate and a,461,breastplate
a photo of a broom and a,462,broom
a photo of a bucket and a,463,bucket
a photo of a buckle and a,464,buckle
a photo of a bulletproof vest and a,465,bulletproof vest
a photo of a high-speed train and a,466,high-speed train
a photo of a butcher shop and a,467,butcher shop
a photo of a taxicab and a,468,taxicab
a photo of a cauldron and a,469,cauldron
a photo of a candle and a,470,candle
a photo of a cannon and a,471,cannon
a photo of a canoe and a,472,canoe
a photo of a can opener and a,473,can opener
a photo of a cardigan and a,474,cardigan
a photo of a car mirror and a,475,car mirror
a photo of a carousel and a,476,carousel
a photo of a tool kit and a,477,tool kit
a photo of a cardboard box / carton and a,478,cardboard box / carton
a photo of a car wheel and a,479,car wheel
a photo of a automated teller machine and a,480,automated teller machine
a photo of a cassette and a,481,cassette
a photo of a cassette player and a,482,cassette player
a photo of a castle and a,483,castle
a photo of a catamaran and a,484,catamaran
a photo of a CD player and a,485,CD player
a photo of a cello and a,486,cello
a photo of a mobile phone and a,487,mobile phone
a photo of a chain and a,488,chain
a photo of a chain-link fence and a,489,chain-link fence
a photo of a chain mail and a,490,chain mail
a photo of a chainsaw and a,491,chainsaw
a photo of a storage chest and a,492,storage chest
a photo of a chiffonier and a,493,chiffonier
a photo of a bell or wind chime and a,494,bell or wind chime
a photo of a china cabinet and a,495,china cabinet
a photo of a Christmas stocking and a,496,Christmas stocking
a photo of a church and a,497,church
a photo of a movie theater and a,498,movie theater
a photo of a cleaver and a,499,cleaver
a photo of a cliff dwelling and a,500,cliff dwelling
a photo of a cloak and a,501,cloak
a photo of a clogs and a,502,clogs
a photo of a cocktail shaker and a,503,cocktail shaker
a photo of a coffee mug and a,504,coffee mug
a photo of a coffeemaker and a,505,coffeemaker
a photo of a spiral or coil and a,506,spiral or coil
a photo of a combination lock and a,507,combination lock
a photo of a computer keyboard and a,508,computer keyboard
a photo of a candy store and a,509,candy store
a photo of a container ship and a,510,container ship
a photo of a convertible and a,511,convertible
a photo of a corkscrew and a,512,corkscrew
a photo of a cornet and a,513,cornet
a photo of a cowboy boot and a,514,cowboy boot
a photo of a cowboy hat and a,515,cowboy hat
a photo of a cradle and a,516,cradle
a photo of a construction crane and a,517,construction crane
a photo of a crash helmet and a,518,crash helmet
a photo of a crate and a,519,crate
a photo of a infant bed and a,520,infant bed
a photo of a Crock Pot and a,521,Crock Pot
a photo of a croquet ball and a,522,croquet ball
a photo of a crutch and a,523,crutch
a photo of a cuirass and a,524,cuirass
a photo of a dam and a,525,dam
a photo of a desk and a,526,desk
a photo of a desktop computer and a,527,desktop computer
a photo of a rotary dial telephone and a,528,rotary dial telephone
a photo of a diaper and a,529,diaper
a photo of a digital clock and a,530,digital clock
a photo of a digital watch and a,531,digital watch
a photo of a dining table and a,532,dining table
a photo of a dishcloth and a,533,dishcloth
a photo of a dishwasher and a,534,dishwasher
a photo of a disc brake and a,535,disc brake
a photo of a dock and a,536,dock
a photo of a dog sled and a,537,dog sled
a photo of a dome and a,538,dome
a photo of a doormat and a,539,doormat
a photo of a drilling rig and a,540,drilling rig
a photo of a drum and a,541,drum
a photo of a drumstick and a,542,drumstick
a photo of a dumbbell and a,543,dumbbell
a photo of a Dutch oven and a,544,Dutch oven
a photo of a electric fan and a,545,electric fan
a photo of a electric guitar and a,546,electric guitar
a photo of a electric locomotive and a,547,electric locomotive
a photo of a entertainment center and a,548,entertainment center
a photo of a envelope and a,549,envelope
a photo of a espresso machine and a,550,espresso machine
a photo of a face powder and a,551,face powder
a photo of a feather boa and a,552,feather boa
a photo of a filing cabinet and a,553,filing cabinet
a photo of a fireboat and a,554,fireboat
a photo of a fire truck and a,555,fire truck
a photo of a fire screen and a,556,fire screen
a photo of a flagpole and a,557,flagpole
a photo of a flute and a,558,flute
a photo of a folding chair and a,559,folding chair
a photo of a football helmet and a,560,football helmet
a photo of a forklift and a,561,forklift
a photo of a fountain and a,562,fountain
a photo of a fountain pen and a,563,fountain pen
a photo of a four-poster bed and a,564,four-poster bed
a photo of a freight car and a,565,freight car
a photo of a French horn and a,566,French horn
a photo of a frying pan and a,567,frying pan
a photo of a fur coat and a,568,fur coat
a photo of a garbage truck and a,569,garbage truck
a photo of a gas mask or respirator and a,570,gas mask or respirator
a photo of a gas pump and a,571,gas pump
a photo of a goblet and a,572,goblet
a photo of a go-kart and a,573,go-kart
a photo of a golf ball and a,574,golf ball
a photo of a golf cart and a,575,golf cart
a photo of a gondola and a,576,gondola
a photo of a gong and a,577,gong
a photo of a gown and a,578,gown
a photo of a grand piano and a,579,grand piano
a photo of a greenhouse and a,580,greenhouse
a photo of a radiator grille and a,581,radiator grille
a photo of a grocery store and a,582,grocery store
a photo of a guillotine and a,583,guillotine
a photo of a hair clip and a,584,hair clip
a photo of a hair spray and a,585,hair spray
a photo of a half-track and a,586,half-track
a photo of a hammer and a,587,hammer
a photo of a hamper and a,588,hamper
a photo of a hair dryer and a,589,hair dryer
a photo of a hand-held computer and a,590,hand-held computer
a photo of a handkerchief and a,591,handkerchief
a photo of a hard disk drive and a,592,hard disk drive
a photo of a harmonica and a,593,harmonica
a photo of a harp and a,594,harp
a photo of a combine harvester and a,595,combine harvester
a photo of a hatchet and a,596,hatchet
a photo of a holster and a,597,holster
a photo of a home theater and a,598,home theater
a photo of a honeycomb and a,599,honeycomb
a photo of a hook and a,600,hook
a photo of a hoop skirt and a,601,hoop skirt
a photo of a gymnastic horizontal bar and a,602,gymnastic horizontal bar
a photo of a horse-drawn vehicle and a,603,horse-drawn vehicle
a photo of a hourglass and a,604,hourglass
a photo of a iPod and a,605,iPod
a photo of a clothes iron and a,606,clothes iron
a photo of a carved pumpkin and a,607,carved pumpkin
a photo of a jeans and a,608,jeans
a photo of a jeep and a,609,jeep
a photo of a T-shirt and a,610,T-shirt
a photo of a jigsaw puzzle and a,611,jigsaw puzzle
a photo of a rickshaw and a,612,rickshaw
a photo of a joystick and a,613,joystick
a photo of a kimono and a,614,kimono
a photo of a knee pad and a,615,knee pad
a photo of a knot and a,616,knot
a photo of a lab coat and a,617,lab coat
a photo of a ladle and a,618,ladle
a photo of a lampshade and a,619,lampshade
a photo of a laptop computer and a,620,laptop computer
a photo of a lawn mower and a,621,lawn mower
a photo of a lens cap and a,622,lens cap
a photo of a letter opener and a,623,letter opener
a photo of a library and a,624,library
a photo of a lifeboat and a,625,lifeboat
a photo of a lighter and a,626,lighter
a photo of a limousine and a,627,limousine
a photo of a ocean liner and a,628,ocean liner
a photo of a lipstick and a,629,lipstick
a photo of a slip-on shoe and a,630,slip-on shoe
a photo of a lotion and a,631,lotion
a photo of a music speaker and a,632,music speaker
a photo of a loupe magnifying glass and a,633,loupe magnifying glass
a photo of a sawmill and a,634,sawmill
a photo of a magnetic compass and a,635,magnetic compass
a photo of a messenger bag and a,636,messenger bag
a photo of a mailbox and a,637,mailbox
a photo of a tights and a,638,tights
a photo of a one-piece bathing suit and a,639,one-piece bathing suit
a photo of a manhole cover and a,640,manhole cover
a photo of a maraca and a,641,maraca
a photo of a marimba and a,642,marimba
a photo of a mask and a,643,mask
a photo of a matchstick and a,644,matchstick
a photo of a maypole and a,645,maypole
a photo of a maze and a,646,maze
a photo of a measuring cup and a,647,measuring cup
a photo of a medicine cabinet and a,648,medicine cabinet
a photo of a megalith and a,649,megalith
a photo of a microphone and a,650,microphone
a photo of a microwave oven and a,651,microwave oven
a photo of a military uniform and a,652,military uniform
a photo of a milk can and a,653,milk can
a photo of a minibus and a,654,minibus
a photo of a miniskirt and a,655,miniskirt
a photo of a minivan and a,656,minivan
a photo of a missile and a,657,missile
a photo of a mitten and a,658,mitten
a photo of a mixing bowl and a,659,mixing bowl
a photo of a mobile home and a,660,mobile home
a photo of a ford model t and a,661,ford model t
a photo of a modem and a,662,modem
a photo of a monastery and a,663,monastery
a photo of a monitor and a,664,monitor
a photo of a moped and a,665,moped
a photo of a mortar and pestle and a,666,mortar and pestle
a photo of a graduation cap and a,667,graduation cap
a photo of a mosque and a,668,mosque
a photo of a mosquito net and a,669,mosquito net
a photo of a vespa and a,670,vespa
a photo of a mountain bike and a,671,mountain bike
a photo of a tent and a,672,tent
a photo of a computer mouse and a,673,computer mouse
a photo of a mousetrap and a,674,mousetrap
a photo of a moving van and a,675,moving van
a photo of a muzzle and a,676,muzzle
a photo of a metal nail and a,677,metal nail
a photo of a neck brace and a,678,neck brace
a photo of a necklace and a,679,necklace
a photo of a baby pacifier and a,680,baby pacifier
a photo of a notebook computer and a,681,notebook computer
a photo of a obelisk and a,682,obelisk
a photo of a oboe and a,683,oboe
a photo of a ocarina and a,684,ocarina
a photo of a odometer and a,685,odometer
a photo of a oil filter and a,686,oil filter
a photo of a pipe organ and a,687,pipe organ
a photo of a oscilloscope and a,688,oscilloscope
a photo of a overskirt and a,689,overskirt
a photo of a bullock cart and a,690,bullock cart
a photo of a oxygen mask and a,691,oxygen mask
a photo of a product packet / packaging and a,692,product packet / packaging
a photo of a paddle and a,693,paddle
a photo of a paddle wheel and a,694,paddle wheel
a photo of a padlock and a,695,padlock
a photo of a paintbrush and a,696,paintbrush
a photo of a pajamas and a,697,pajamas
a photo of a palace and a,698,palace
a photo of a pan flute and a,699,pan flute
a photo of a paper towel and a,700,paper towel
a photo of a parachute and a,701,parachute
a photo of a parallel bars and a,702,parallel bars
a photo of a park bench and a,703,park bench
a photo of a parking meter and a,704,parking meter
a photo of a railroad car and a,705,railroad car
a photo of a patio and a,706,patio
a photo of a payphone and a,707,payphone
a photo of a pedestal and a,708,pedestal
a photo of a pencil case and a,709,pencil case
a photo of a pencil sharpener and a,710,pencil sharpener
a photo of a perfume and a,711,perfume
a photo of a Petri dish and a,712,Petri dish
a photo of a photocopier and a,713,photocopier
a photo of a plectrum and a,714,plectrum
a photo of a Pickelhaube and a,715,Pickelhaube
a photo of a picket fence and a,716,picket fence
a photo of a pickup truck and a,717,pickup truck
a photo of a pier and a,718,pier
a photo of a piggy bank and a,719,piggy bank
a photo of a pill bottle and a,720,pill bottle
a photo of a pillow and a,721,pillow
a photo of a ping-pong ball and a,722,ping-pong ball
a photo of a pinwheel and a,723,pinwheel
a photo of a pirate ship and a,724,pirate ship
a photo of a drink pitcher and a,725,drink pitcher
a photo of a block plane and a,726,block plane
a photo of a planetarium and a,727,planetarium
a photo of a plastic bag and a,728,plastic bag
a photo of a plate rack and a,729,plate rack
a photo of a farm plow and a,730,farm plow
a photo of a plunger and a,731,plunger
a photo of a Polaroid camera and a,732,Polaroid camera
a photo of a pole and a,733,pole
a photo of a police van and a,734,police van
a photo of a poncho and a,735,poncho
a photo of a pool table and a,736,pool table
a photo of a soda bottle and a,737,soda bottle
a photo of a plant pot and a,738,plant pot
a photo of a potter's wheel and a,739,potter's wheel
a photo of a power drill and a,740,power drill
a photo of a prayer rug and a,741,prayer rug
a photo of a printer and a,742,printer
a photo of a prison and a,743,prison
a photo of a missile and a,744,missile
a photo of a projector and a,745,projector
a photo of a hockey puck and a,746,hockey puck
a photo of a punching bag and a,747,punching bag
a photo of a purse and a,748,purse
a photo of a quill and a,749,quill
a photo of a quilt and a,750,quilt
a photo of a race car and a,751,race car
a photo of a racket and a,752,racket
a photo of a radiator and a,753,radiator
a photo of a radio and a,754,radio
a photo of a radio telescope and a,755,radio telescope
a photo of a rain barrel and a,756,rain barrel
a photo of a recreational vehicle and a,757,recreational vehicle
a photo of a fishing casting reel and a,758,fishing casting reel
a photo of a reflex camera and a,759,reflex camera
a photo of a refrigerator and a,760,refrigerator
a photo of a remote control and a,761,remote control
a photo of a restaurant and a,762,restaurant
a photo of a revolver and a,763,revolver
a photo of a rifle and a,764,rifle
a photo of a rocking chair and a,765,rocking chair
a photo of a rotisserie and a,766,rotisserie
a photo of a eraser and a,767,eraser
a photo of a rugby ball and a,768,rugby ball
a photo of a ruler measuring stick and a,769,ruler measuring stick
a photo of a sneaker and a,770,sneaker
a photo of a safe and a,771,safe
a photo of a safety pin and a,772,safety pin
a photo of a salt shaker and a,773,salt shaker
a photo of a sandal and a,774,sandal
a photo of a sarong and a,775,sarong
a photo of a saxophone and a,776,saxophone
a photo of a scabbard and a,777,scabbard
a photo of a weighing scale and a,778,weighing scale
a photo of a school bus and a,779,school bus
a photo of a schooner and a,780,schooner
a photo of a scoreboard and a,781,scoreboard
a photo of a CRT monitor and a,782,CRT monitor
a photo of a screw and a,783,screw
a photo of a screwdriver and a,784,screwdriver
a photo of a seat belt and a,785,seat belt
a photo of a sewing machine and a,786,sewing machine
a photo of a shield and a,787,shield
a photo of a shoe store and a,788,shoe store
a photo of a shoji screen / room divider and a,789,shoji screen / room divider
a photo of a shopping basket and a,790,shopping basket
a photo of a shopping cart and a,791,shopping cart
a photo of a shovel and a,792,shovel
a photo of a shower cap and a,793,shower cap
a photo of a shower curtain and a,794,shower curtain
a photo of a ski and a,795,ski
a photo of a balaclava ski mask and a,796,balaclava ski mask
a photo of a sleeping bag and a,797,sleeping bag
a photo of a slide rule and a,798,slide rule
a photo of a sliding door and a,799,sliding door
a photo of a slot machine and a,800,slot machine
a photo of a snorkel and a,801,snorkel
a photo of a snowmobile and a,802,snowmobile
a photo of a snowplow and a,803,snowplow
a photo of a soap dispenser and a,804,soap dispenser
a photo of a soccer ball and a,805,soccer ball
a photo of a sock and a,806,sock
a photo of a solar thermal collector and a,807,solar thermal collector
a photo of a sombrero and a,808,sombrero
a photo of a soup bowl and a,809,soup bowl
a photo of a keyboard space bar and a,810,keyboard space bar
a photo of a space heater and a,811,space heater
a photo of a space shuttle and a,812,space shuttle
a photo of a spatula and a,813,spatula
a photo of a motorboat and a,814,motorboat
a photo of a spider web and a,815,spider web
a photo of a spindle and a,816,spindle
a photo of a sports car and a,817,sports car
a photo of a spotlight and a,818,spotlight
a photo of a stage and a,819,stage
a photo of a steam locomotive and a,820,steam locomotive
a photo of a through arch bridge and a,821,through arch bridge
a photo of a steel drum and a,822,steel drum
a photo of a stethoscope and a,823,stethoscope
a photo of a scarf and a,824,scarf
a photo of a stone wall and a,825,stone wall
a photo of a stopwatch and a,826,stopwatch
a photo of a stove and a,827,stove
a photo of a strainer and a,828,strainer
a photo of a tram and a,829,tram
a photo of a stretcher and a,830,stretcher
a photo of a couch and a,831,couch
a photo of a stupa and a,832,stupa
a photo of a submarine and a,833,submarine
a photo of a suit and a,834,suit
a photo of a sundial and a,835,sundial
a photo of a sunglasses and a,836,sunglasses
a photo of a sunglasses and a,837,sunglasses
a photo of a sunscreen and a,838,sunscreen
a photo of a suspension bridge and a,839,suspension bridge
a photo of a mop and a,840,mop
a photo of a sweatshirt and a,841,sweatshirt
a photo of a swim trunks / shorts and a,842,swim trunks / shorts
a photo of a swing and a,843,swing
a photo of a electrical switch and a,844,electrical switch
a photo of a syringe and a,845,syringe
a photo of a table lamp and a,846,table lamp
a photo of a tank and a,847,tank
a photo of a tape player and a,848,tape player
a photo of a teapot and a,849,teapot
a photo of a teddy bear and a,850,teddy bear
a photo of a television and a,851,television
a photo of a tennis ball and a,852,tennis ball
a photo of a thatched roof and a,853,thatched roof
a photo of a front curtain and a,854,front curtain
a photo of a thimble and a,855,thimble
a photo of a threshing machine and a,856,threshing machine
a photo of a throne and a,857,throne
a photo of a tile roof and a,858,tile roof
a photo of a toaster and a,859,toaster
a photo of a tobacco shop and a,860,tobacco shop
a photo of a toilet seat and a,861,toilet seat
a photo of a torch and a,862,torch
a photo of a totem pole and a,863,totem pole
a photo of a tow truck and a,864,tow truck
a photo of a toy store and a,865,toy store
a photo of a tractor and a,866,tractor
a photo of a semi-trailer truck and a,867,semi-trailer truck
a photo of a tray and a,868,tray
a photo of a trench coat and a,869,trench coat
a photo of a tricycle and a,870,tricycle
a photo of a trimaran and a,871,trimaran
a photo of a tripod and a,872,tripod
a photo of a triumphal arch and a,873,triumphal arch
a photo of a trolleybus and a,874,trolleybus
a photo of a trombone and a,875,trombone
a photo of a hot tub and a,876,hot tub
a photo of a turnstile and a,877,turnstile
a photo of a typewriter keyboard and a,878,typewriter keyboard
a photo of a umbrella and a,879,umbrella
a photo of a unicycle and a,880,unicycle
a photo of a upright piano and a,881,upright piano
a photo of a vacuum cleaner and a,882,vacuum cleaner
a photo of a vase and a,883,vase
a photo of a vaulted or arched ceiling and a,884,vaulted or arched ceiling
a photo of a velvet fabric and a,885,velvet fabric
a photo of a vending machine and a,886,vending machine
a photo of a vestment and a,887,vestment
a photo of a viaduct and a,888,viaduct
a photo of a violin and a,889,violin
a photo of a volleyball and a,890,volleyball
a photo of a waffle iron and a,891,waffle iron
a photo of a wall clock and a,892,wall clock
a photo of a wallet and a,893,wallet
a photo of a wardrobe and a,894,wardrobe
a photo of a military aircraft and a,895,military aircraft
a photo of a sink and a,896,sink
a photo of a washing machine and a,897,washing machine
a photo of a water bottle and a,898,water bottle
a photo of a water jug and a,899,water jug
a photo of a water tower and a,900,water tower
a photo of a whiskey jug and a,901,whiskey jug
a photo of a whistle and a,902,whistle
a photo of a hair wig and a,903,hair wig
a photo of a window screen and a,904,window screen
a photo of a window shade and a,905,window shade
a photo of a Windsor tie and a,906,Windsor tie
a photo of a wine bottle and a,907,wine bottle
a photo of a airplane wing and a,908,airplane wing
a photo of a wok and a,909,wok
a photo of a wooden spoon and a,910,wooden spoon
a photo of a wool and a,911,wool
a photo of a split-rail fence and a,912,split-rail fence
a photo of a shipwreck and a,913,shipwreck
a photo of a sailboat and a,914,sailboat
a photo of a yurt and a,915,yurt
a photo of a website and a,916,website
a photo of a comic book and a,917,comic book
a photo of a crossword and a,918,crossword
a photo of a traffic or street sign and a,919,traffic or street sign
a photo of a traffic light and a,920,traffic light
a photo of a dust jacket and a,921,dust jacket
a photo of a menu and a,922,menu
a photo of a plate and a,923,plate
a photo of a guacamole and a,924,guacamole
a photo of a consomme and a,925,consomme
a photo of a hot pot and a,926,hot pot
a photo of a trifle and a,927,trifle
a photo of a ice cream and a,928,ice cream
a photo of a popsicle and a,929,popsicle
a photo of a baguette and a,930,baguette
a photo of a bagel and a,931,bagel
a photo of a pretzel and a,932,pretzel
a photo of a cheeseburger and a,933,cheeseburger
a photo of a hot dog and a,934,hot dog
a photo of a mashed potatoes and a,935,mashed potatoes
a photo of a cabbage and a,936,cabbage
a photo of a broccoli and a,937,broccoli
a photo of a cauliflower and a,938,cauliflower
a photo of a zucchini and a,939,zucchini
a photo of a spaghetti squash and a,940,spaghetti squash
a photo of a acorn squash and a,941,acorn squash
a photo of a butternut squash and a,942,butternut squash
a photo of a cucumber and a,943,cucumber
a photo of a artichoke and a,944,artichoke
a photo of a bell pepper and a,945,bell pepper
a photo of a cardoon and a,946,cardoon
a photo of a mushroom and a,947,mushroom
a photo of a Granny Smith apple and a,948,Granny Smith apple
a photo of a strawberry and a,949,strawberry
a photo of a orange and a,950,orange
a photo of a lemon and a,951,lemon
a photo of a fig and a,952,fig
a photo of a pineapple and a,953,pineapple
a photo of a banana and a,954,banana
a photo of a jackfruit and a,955,jackfruit
a photo of a cherimoya (custard apple) and a,956,cherimoya (custard apple)
a photo of a pomegranate and a,957,pomegranate
a photo of a hay and a,958,hay
a photo of a carbonara and a,959,carbonara
a photo of a chocolate syrup and a,960,chocolate syrup
a photo of a dough and a,961,dough
a photo of a meatloaf and a,962,meatloaf
a photo of a pizza and a,963,pizza
a photo of a pot pie and a,964,pot pie
a photo of a burrito and a,965,burrito
a photo of a red wine and a,966,red wine
a photo of a espresso and a,967,espresso
a photo of a tea cup and a,968,tea cup
a photo of a eggnog and a,969,eggnog
a photo of a mountain and a,970,mountain
a photo of a bubble and a,971,bubble
a photo of a cliff and a,972,cliff
a photo of a coral reef and a,973,coral reef
a photo of a geyser and a,974,geyser
a photo of a lakeshore and a,975,lakeshore
a photo of a promontory and a,976,promontory
a photo of a sandbar and a,977,sandbar
a photo of a beach and a,978,beach
a photo of a valley and a,979,valley
a photo of a volcano and a,980,volcano
a photo of a baseball player and a,981,baseball player
a photo of a bridegroom and a,982,bridegroom
a photo of a scuba diver and a,983,scuba diver
a photo of a rapeseed and a,984,rapeseed
a photo of a daisy and a,985,daisy
a photo of a yellow lady's slipper and a,986,yellow lady's slipper
a photo of a corn and a,987,corn
a photo of a acorn and a,988,acorn
a photo of a rose hip and a,989,rose hip
a photo of a horse chestnut seed and a,990,horse chestnut seed
a photo of a coral fungus and a,991,coral fungus
a photo of a agaric and a,992,agaric
a photo of a gyromitra and a,993,gyromitra
a photo of a stinkhorn mushroom and a,994,stinkhorn mushroom
a photo of a earth star fungus and a,995,earth star fungus
a photo of a hen of the woods mushroom and a,996,hen of the woods mushroom
a photo of a bolete and a,997,bolete
a photo of a corn cob and a,998,corn cob
a photo of a toilet paper and a,999,toilet paper